{
  "elderly": {
    "with_young": 0.4,
    "1": 0.0,
    "2": 0.6
  },
  "young": {
    "1":    0.2555845218,
    "2":    0.3322598783,
    "3":    0.1789091653,
    "4":    0.1469611,
    "5":    0.0613402852,
    "6":    0.0170389681,
    "7":    0.0073024149,
    "8":    0.000479221,
    "9":    0.00008519,
    "10":   0.00005111
  }
}